{"cameraMode":{"drawMode":0,"name":"Shaded","section":"Shading Mode"},"sceneLighting":true,"audioPlay":false,"sceneViewState":{"showFog":true,"showMaterialUpdate":false,"showSkybox":true,"showFlares":true,"showImageEffects":true,"showParticleSystems":true},"in2DMode":false,"pivot":{"x":-12.15999984741211,"y":82.13053894042969,"z":-0.7100000381469727},"rotation":{"x":-0.14529667794704438,"y":-0.3042221963405609,"z":0.047028761357069018,"w":-0.9403253793716431},"size":69.59009552001953,"orthographic":false}