{"cameraMode":{"drawMode":0,"name":"Shaded","section":"Shading Mode"},"sceneLighting":false,"audioPlay":false,"sceneViewState":{"showFog":true,"showMaterialUpdate":false,"showSkybox":false,"showFlares":true,"showImageEffects":true,"showParticleSystems":true},"in2DMode":false,"pivot":{"x":23.299999237060548,"y":74.749755859375,"z":-0.7100000381469727},"rotation":{"x":-0.4527771770954132,"y":0.46056362986564639,"z":-0.2963865101337433,"w":-0.7035907506942749},"size":61.24527359008789,"orthographic":false}