{"cameraMode":{"drawMode":0,"name":"Shaded","section":"Shading Mode"},"sceneLighting":false,"audioPlay":false,"sceneViewState":{"showFog":true,"showMaterialUpdate":false,"showSkybox":false,"showFlares":true,"showImageEffects":true,"showParticleSystems":true},"in2DMode":false,"pivot":{"x":-92.715087890625,"y":-201.1416015625,"z":525.0008544921875},"rotation":{"x":-0.22369909286499024,"y":0.700305700302124,"z":-0.2483626902103424,"w":-0.6307616829872131},"size":4395.09716796875,"orthographic":false}